Place Name,Season,Weather,Demography,Food,food,food
New York City,Spring,Mostly mild with occasional rain, Diverse population with various ethnicities, Pizza, Bagels, Delis
Paris,Spring,Mild and pleasant, Diverse population with a strong French influence, Croissants, Cheese, Wine
Tokyo,Spring,Mild with cherry blossoms, Diverse population with a strong Japanese influence, Sushi, Ramen, Tempura
Rio de Janeiro,Summer,Hot and humid, Diverse population with a strong Brazilian influence, Feijoada, Churrasco, Açaí
Sydney,Summer,Warm with occasional rain, Diverse population with a strong Australian influence, BBQ, Seafood, Vegemite
Mumbai,Monsoon,Heavy rain and high humidity, Diverse population with various Indian ethnicities, Curry, Street food, Chai
Cape Town,Winter,Mild with occasional rain, Diverse population with a strong South African influence, Braai, Bobotie, Biltong
London,Autumn,Mild with occasional rain, Diverse population with various ethnicities, Fish and Chips, Indian Curry, Afternoon Tea
Bangkok,Summer,Hot and humid, Diverse population with a strong Thai influence, Pad Thai, Tom Yum, Mango Sticky Rice
Rome,Spring,Mild and pleasant, Diverse population with a strong Italian influence, Pasta, Pizza, Gelato
Istanbul,Autumn,Mild with occasional rain, Diverse population with a strong Turkish influence, Kebab, Baklava, Turkish Delight
Barcelona,Summer,Warm with occasional rain, Diverse population with a strong Spanish influence, Tapas, Paella, Sangria
Dubai,Winter,Mild and sunny, Diverse population with various ethnicities, Shawarma, Hummus, Dates
Buenos Aires,Spring,Mild with occasional rain, Diverse population with a strong Argentine influence, Asado, Empanadas, Dulce de Leche
Hong Kong,Autumn,Mild and pleasant, Diverse population with a strong Chinese influence, Dim Sum, Roast Goose, Egg Tarts
Amsterdam,Spring,Mild with occasional rain, Diverse population with various ethnicities, Stroopwafels, Herring, Dutch Cheese
Prague,Autumn,Mild with occasional rain, Diverse population with a strong Czech influence, Goulash, Trdelník, Pilsner Beer
Venice,Spring,Mild and pleasant, Diverse population with a strong Italian influence, Risotto, Seafood, Cicchetti
Seoul,Autumn,Mild with occasional rain, Diverse population with a strong Korean influence, Kimchi, Bulgogi, Bibimbap
Bangalore,Winter,Mild and sunny, Diverse population with various Indian ethnicities, Masala Dosa, Biryani, Filter Coffee
Tokyo,Autumn,Mild with colorful foliage, Diverse population with a strong Japanese influence, Sushi, Ramen, Tempura
Cairo,Winter,Mild and sunny, Diverse population with a strong Egyptian influence, Koshary, Ful Medames, Kebabs
Cusco,Summer,Mild and sunny, Diverse population with a strong Peruvian influence, Ceviche, Lomo Saltado, Pisco Sour
Auckland,Spring,Mild with occasional rain, Diverse population with a strong New Zealand influence, Hangi, Pavlova, Kiwi Burger
Montreal,Fall,Mild with colorful foliage, Diverse population with a strong French influence, Poutine, Bagels, Maple Syrup
Hanoi,Winter,Cool and dry, Diverse population with a strong Vietnamese influence, Pho, Banh Mi, Bun Cha
Reykjavik,Summer,Mild with long daylight hours, Diverse population with various ethnicities, Plokkfiskur, Lamb, Skyr
Marrakech,Spring,Mild and sunny, Diverse population with a strong Moroccan influence, Tagine, Couscous, Mint Tea
Krakow,Autumn,Cool with colorful foliage, Diverse population with various ethnicities, Pierogi, Bigos, Obwarzanek
Wellington,Winter,Mild with occasional rain, Diverse population with a strong New Zealand influence, Fish and Chips, Hangi, Hokey Pokey Ice Cream
Lima,Spring,Warm with occasional mist, Diverse population with a strong Peruvian influence, Ceviche, Lomo Saltado, Pisco Sour
Vienna,Autumn,Mild with occasional rain, Diverse population with various ethnicities, Wiener Schnitzel, Sachertorte, Apfelstrudel
Phuket,Summer,Hot and humid, Diverse population with various ethnicities, Thai Curry, Tom Yum, Mango Sticky Rice
Granada,Spring,Warm and sunny, Diverse population with a strong Spanish influence, Tapas, Paella, Sangria
Edinburgh,Autumn,Mild with occasional rain, Diverse population with various ethnicities, Haggis, Fish and Chips, Shortbread
Nairobi,Winter,Mild and dry, Diverse population with various ethnicities, Nyama Choma, Ugali, Mandazi
Budapest,Fall,Mild with colorful foliage, Diverse population with various ethnicities, Goulash, Dobos Torte, Tokaji Wine
Quebec City,Winter,Cold with occasional snow, Diverse population with a strong French influence, Poutine, Tourtière, Maple Taffy
Salvador,Summer,Hot and humid, Diverse population with a strong Brazilian influence, Moqueca, Acarajé, Caipirinha
Chiang Mai,Autumn,Mild with occasional rain, Diverse population with various ethnicities, Khao Soi, Pad Thai, Mango Sticky Rice
Cape Town,Summer,Hot and sunny, Diverse population with a strong South African influence, Braai, Bobotie, Biltong
Osaka,Autumn,Mild with colorful foliage, Diverse population with a strong Japanese influence, Okonomiyaki, Takoyaki, Kobe Beef
Dublin,Fall,Cool with occasional rain, Diverse population with various ethnicities, Irish Stew, Fish and Chips, Guinness
Santiago,Spring,Mild and sunny, Diverse population with a strong Chilean influence, Asado, Empanadas, Pastel de Choclo
Florence,Summer,Warm and sunny, Diverse population with a strong Italian influence, Tuscany Cuisine, Gelato, Chianti Wine
Singapore,Spring,Warm and humid, Diverse population with various ethnicities, Hainanese Chicken Rice, Laksa, Chili Crab
Prague,Winter,Cold with occasional snow, Diverse population with various ethnicities, Goulash, Trdelník, Pilsner Beer
Vancouver,Fall,Cool with occasional rain, Diverse population with various ethnicities, Sushi, Poutine, Salmon
Kuala Lumpur,Summer,Hot and humid, Diverse population with various ethnicities, Nasi Lemak, Roti Canai, Satay
Brussels,Spring,Mild with occasional rain, Diverse population with various ethnicities, Belgian Waffles, Moules Frites, Chocolate
Lisbon,Fall,Mild and sunny, Diverse population with various ethnicities, Pastéis de Nata, Bacalhau, Bifana
Seville,Winter,Mild and sunny, Diverse population with a strong Spanish influence, Tapas, Paella, Sangria
Copenhagen,Summer,Mild with occasional rain, Diverse population with various ethnicities, Smørrebrød, Danish Pastries, Herring
Beijing,Fall,Cool and dry, Diverse population with a strong Chinese influence, Peking Duck, Dumplings, Hot Pot
Munich,Summer,Warm and sunny, Diverse population with various ethnicities, Pretzels, Weisswurst, Beer
Helsinki,Autumn,Cool with occasional rain, Diverse population with various ethnicities, Rye Bread, Smoked Salmon, Salmiakki
Mexico City,Spring,Mild and sunny, Diverse population with a strong Mexican influence, Tacos, Tamales, Mole
Athens,Summer,Hot and sunny, Diverse population with a strong Greek influence, Souvlaki, Moussaka, Tzatziki
Brisbane,Winter,Mild and sunny, Diverse population with various ethnicities, Moreton Bay Bugs, Lamingtons, XXXX Beer
Shanghai,Fall,Cool and dry, Diverse population with a strong Chinese influence, Xiaolongbao, Shengjianbao, Dan Dan Noodles
